2026.9.1	9월 3일 이번 주 목요일, GRAVITY 2026에서 만나요 🚀	https://stib.ee/ywBO
2026.8.25	🚀 대한민국 딥테크의 미래, 4대 과학기술원이 한자리에	https://stib.ee/4I4O
2026.6.25	⏰ 이번 주 일요일 마감! — Spark Claw 1기, 궁금한 점 다 모았어요	https://stib.ee/uqEM
2026.6.18	400번 투자한 대표의 결정 기준 4가지	https://stib.ee/QY8M
2026.6.8	AI를 팀원처럼 쓰는 창업가라면? 스파크클로 1기에 지원하세요!	https://stib.ee/a8yN
2026.6.8	Thank you for waiting! Applications for Spark Claw Cohort 1 are now open 🦀	https://stib.ee/N8yN
2026.6.8	기다려주셔서 감사합니다! Spark Claw 1기 모집이 시작되었습니다 🦀	https://stib.ee/o7yN
2026.6.1	(광고) 강남구 스타트업이라면, 🌏 글로벌 IR 무대에 도전하세요 (~6/5까지)	https://stib.ee/82sN
2026.4.28	1인·소규모 팀 AI 창업가 전문 액셀러레이팅 프로그램 사전 참가 신청 OPEN!	https://stib.ee/CRPN
2026.4.24	스파크레터 4️⃣ 월소식	https://stib.ee/YaNN
2026.4.9	스파크랩이 모두의 창업 운영기관으로 선정되었습니다.🎉	https://stib.ee/Rn8N
2026.1.16	🐎🔥 2026년의 시작, 스파크레터 1월 소식	https://stib.ee/Z4yK
2025.11.28	국내를 넘어 - 🌏글로벌 시장으로 진출하고 싶다면?	https://stib.ee/0UJK
2025.11.6	스파크레터⚡ 11월 소식	https://stib.ee/jP1K
2025.9.11	(광고) 역대급 라인업의 콘텐츠 x AI 컨퍼런스 STARTUP:CON에 초대합니다!	https://stib.ee/I5JJ
2025.8.21	(광고) KAIST vs 서울대학교 스타트업 🔥슈퍼 매치	https://stib.ee/MF1J
2025.7.30	(광고)🐫 중동 진출부터 🌏대만 PoC까지	https://stib.ee/zKjI
2025.7.25	(광고) 🚀스타트업 배틀필드 오디션, 총 상금🏆 1억 원이라고?	https://stib.ee/vkfI
2025.7.11	스파크레터🌴 7월 소식	https://stib.ee/hLTI
2025.6.16	스파크레터💎 6월 소식	https://stib.ee/2T6I
2025.5.16	스파크레터🌹 5월 소식	https://stib.ee/8zgH
2025.4.22	스파크레터🍀 4월 소식	https://stib.ee/3lNH
2025.4.8	🔬Ai 내시경으로 암 조기 진단,🩸혈액으로 대장암 발견! K-바이오의 혁신을 만나는 시간	https://stib.ee/MeAH
2025.3.27	스파크레터🌸 3월 소식	https://stib.ee/cM0H
2025.1.24	2025🍀스파크레터 1월 소식	https://stib.ee/eoEG
2024.11.22	(광고) 총상금 400만원! 🌱ESG 대학원생 아이디어톤 창업경진대회	https://stib.ee/xoKF
2024.9.26	(광고)⏰ 스파크랩 24기 배치 프로그램에 도전하세요! (10/27 접수 마감)	https://stib.ee/QySE
2024.9.5	(광고) 💡사회적 가치를 실현하는 소셜벤처 4개 사를 SOVAC 데모데이 2024에서 만나보세요!	https://stib.ee/vkAE
2024.8.22	(광고) 🕵️스파크랩에서 1:1 Office Hour를 통해 투자로 이어질 팀을 찾고 있어요!	https://stib.ee/W9wD
2024.8.1	(광고) 🌏 B2B SaaS 스타트업 글로벌 진출 전략🎯 필수 인사이트 공유!	https://stib.ee/ZpDD
2024.7.11	🍉 배치 23기 프로그램, 어떤 기업이 선정됐을까?	https://stib.ee/FVJD
2024.6.11	(광고) 스타트업을 위한 🐪아랍에미리트 진출 전략 포럼, 신청을 서두르세요!	https://stib.ee/KXpC
2024.4.18	📢 참가 신청하신 사우디 진출 전략 세미나가 내일 개최됩니다. (4/19, 드림플러스)	https://stib.ee/6O1C
2024.4.11	(광고) 기회의 땅 사우디, 스타트업은 어떻게 진출하지? (4/19 사우디 진출 세미나)	https://stib.ee/jLvB
2024.4.1	(광고)AI에 54조원 푼다는 나라, 사우디 아라비아 진출 전략을 사우디 투자부 국장에게 직접 들어보세요!	https://stib.ee/zslB
2024.3.21	(광고) 스파크랩과 함께 성장할 초기 스타트업을 찾습니다!	https://stib.ee/8VbB
2024.2.22	(광고) 최대 9천만원 지원! 부울경 ICT 청년 스타트업 지원 사업 모집 오픈🔑	https://stib.ee/UPBB
2024.1.12	🐲 스파크랩 22기 선정 기업부터 21기 비공개 데모데이 후기까지	https://stib.ee/g6dA
2023.11.23	[스파크랩] 사업운영팀 첫번째 알럼나이 네트워킹(12/8) 참가자 모집 안내	https://stib.ee/quv9
2023.11.13	(광고)대만 스타트업 창업자, VC와 직접 네트워킹 할 수 있는 기회! 스파크랩 타이완과 만나보세요👋	https://stib.ee/vDl9
2023.11.9	(광고)🌠 미래의 혁신을 이끌어갈 부·울·경 지역 내 AI·ICT 분야 청년 창업기업 데모데이에 여러분을 초대합니다.	https://stib.ee/FYi9
2023.10.26	(광고)🤓NEXEED 비즈매칭 데이에서 국내 주요 투자사 10곳을 만나보세요!	https://stib.ee/r2V9
2023.10.12	(광고)💫 2023년 마지막 NEXEED 투자 네트워킹 행사에 초대합니다!	https://stib.ee/92I9
2023.9.21	(재발송) [광고]⚡스파크랩 22기 배치 프로그램 모집이 시작됐습니다!	https://stib.ee/R139
2023.9.7	(광고) 스파크랩 22기 배치프로그램 모집 OPEN! 🌌	https://stib.ee/W0q8
2023.8.17	(광고)🧐팁스 프로그램 준비 어떻게 해야하지? 모두 해결해 드립니다!	https://stib.ee/u0X8
2023.8.14	(광고)🔥글로벌 1위 맥주 기업 AB INBEV와의 PoC 참여 기업 모집 안내	https://stib.ee/I1U8
2023.8.3	(광고) 🔥주요 VC들과의 1:1 IR 미팅, 지금 신청을 서두르세요! (선착순 마감 임박)	https://stib.ee/24L8
2023.7.20	(광고) 스파크랩 21기 선정 스타트업은?	https://stib.ee/pA88
2023.7.6	(광고) ⛱️올 여름 NEXEED 투자 상담회에서 전문 투자사와의 1:1 미팅을 놓치지 마세요!	https://stib.ee/dM28
2023.6.15	(광고)🔥2023 NEXEED 6월 28일 네트워킹 참여자를 모집합니다!	https://stib.ee/Irs7
2023.6.1	(광고) 🔥콘텐츠분야 Seed, Pre-A 투자 상담회 참여 기회! 2023 NEXEED 6월 행사를 놓치지 마세요.	https://stib.ee/rDn7
2023.5.17	(광고) 스파크랩 21기 배치프로그램에 지금 지원하세요! (~5.21까지)	https://stib.ee/49g7
2023.4.21	(광고)⚡스파크랩 데모데이 특집 뉴스레터 | 20기 데모데이 아직도 안 보신 분!	https://stib.ee/55W7
2023.4.13	(광고) 글로벌 AI 전쟁 시대, 챗GPT 밖에 모르신다고요?	https://stib.ee/NSS7
2023.4.10	(광고)⚡️스파크랩 21기 배치프로그램 모집 시작! 지금 지원하세요!	https://stib.ee/pbQ7
2023.3.21	(광고) 스파크랩 20기 데모데이에 여러분을 초대합니다!	https://stib.ee/54H7
2023.3.2	(광고) 최대 6억 투자 유치부터 CJ제일제당과의 PoC 기회까지!🚀	https://stib.ee/mU97
2023.2.23	(광고) 전세계 MZ가 매달 1억 6천번 쓰는 앱? 최대 6억 투자 유치, CJ와 PoC 기회	https://stib.ee/aj67
2023.2.3	(광고) 스파크랩 20기 스타트업을 소개합니다!👋🏻	https://stib.ee/nyx6
2022.12.16	국내 최고 공유오피스의 남다른 성장 전략 + 1400억 투자 유치한 베스핀글로벌	https://stib.ee/B2g6
2022.11.24	(광고)🦄 부산에서 탄생할 미래의 유니콘을 만나는 무대!	https://stib.ee/cDX6
2022.11.10	(광고) 2022 메가 콘텐츠 랩 데모데이를 온라인 생중계로 만나보세요! 🙌	https://stib.ee/7iR6
2022.11.10	(광고)⚡스파크랩 데모데이 D-6, 사전 등록을 서두르세요!	https://stib.ee/3hR6
2022.11.10	(광고)⚡웹3.0가 패션, 엔터테인먼트를 어떻게 바꾸고 있는지 궁금하다면?	https://stib.ee/1hR6
2022.11.10	(광고)⚡3년 만에 스파크랩 데모데이를 오프라인에서 + 스랩 프로그램 맛보기	https://stib.ee/0hR6
2022.11.10	(광고)스파크랩 프로그램, 진짜 도움 돼? 미리 체험해볼 수 있다면?😲	https://stib.ee/zgR6
2022.11.10	(광고)⚡️스파크랩 20기 모집이 시작되었습니다!	https://stib.ee/ygR6
2022.9.29	(광고)⚡스파크랩 10주년 데모데이 사전등록 OPEN!	https://stib.ee/h5B6
2022.9.15	⚡올해로 10살이 된 스파크랩을 축하해주세요!	https://stib.ee/EE56
2022.9.8	(광고) 실감 콘텐츠의 트렌드를 엿볼 수 있는 기회 👀	https://stib.ee/PM26
2022.9.2	⚡Looking for attention ~ 스파크랩 & 포트폴리오 소식 전해드려요	https://stib.ee/OWz5
2022.8.18	소득, 담보가 없는 청년들은 돈을 어디서 빌리나요?	https://stib.ee/jas5
2022.8.4	(광고) 스윙비 최서진 대표의 IR 미팅 꿀팁 + 부산 스타트업 이벤트 안내	https://stib.ee/SRm5
2022.7.22	⚡스파크랩 19기 선정 소식 + 초기 스타트업 B2B 세일즈 노하우	https://stib.ee/qTi5
2022.6.30	⚡ 6월 마지막주 스파크랩 소식 #고객이야기듣기 #하계워크샵	https://stib.ee/LiZ5
2022.6.7	(광고) 콘텐츠 스타트업 시작과 성장 스파크랩과 함께 하세요🙌	https://stib.ee/1XQ5
2022.6.2	⚡강남구 소재 스타트업 & 실감 콘텐츠 스타트업 지원 안내	https://stib.ee/mIP5
2022.5.13	⚡스파크랩 데모데이 아직도 안 보신 분! 🙋🏻‍♀🙋‍♂	https://stib.ee/1FI5
2022.4.20	(광고) 창업자분들의 고민을 들려주세요!👂🏻	https://stib.ee/h985
2022.4.1	(광고)⚡ 드디어 18기 데모데이 접수 Start!	https://stib.ee/0A35
2022.3.18	💌 스파크랩이 19기 기업을 모집합니다!	https://stib.ee/Dex4
2022.2.18	(광고)⚡️식품 산업을 혁신할 프론티어를 찾습니다!	https://stib.ee/Mim4
2022.1.28	⚡스파크랩 18기 프로그램에 선정된 스타트업은?	https://stib.ee/7yg4
2022.1.14	(광고)⚡스파크랩 부산특집 (feat. 데모데이, 비스타트업스테이션)	https://stib.ee/Cka4
2021.12.29	⚡ 2021년 마지막 '스파크레터'가 도착했습니다	https://stib.ee/e8U4
2021.12.9	⚡미국에서 진짜 잘 나가는 한국인 창업자의 비밀	https://stib.ee/O1N4
2021.11.25	⚡TO. 후배 스타트업들에게 하고 싶은 이야기	https://stib.ee/qEL4
2021.11.17	(광고) 💡 올해 최고의 ESG 스타트업은 누구?	https://stib.ee/GhH4
2021.11.5	(광고)🚀라이프 스타일 분야를 혁신할 10개의 콘텐츠 스타트업을 소개합니다! feat. 2021 뉴 콘텐츠랩 데모데이	https://stib.ee/FeF4
2021.10.13	🌱 창업에서 4천억원 밸류 상장까지👑, 원티드랩 공동창업자들이 밝히는 비하인드 스토리	https://stib.ee/7R64
2021.9.30	🚀K-스타트업의 북미 정복기: 센드버드, 래디쉬, 미미박스 창업자가 한 자리에 모입니다!	https://stib.ee/Et24
2021.9.17	📢스파크랩과 함께 성장할 18기 스타트업을 모집합니다🔥	https://stib.ee/XNz3
2021.9.1	요즘 친구들은 말이야~🤔 인스턴트타투 김남숙 대표가 말하는 GenZ 특징 3가지, 스파크레터와 함께 알아보아요!	https://stib.ee/Vov3
2021.8.20	[스파크레터] 코스닥 데뷔 '따상' 성공한 원티드랩, 그 여정의 시작🚀	https://stib.ee/43s3
2021.8.4	[스파크레터] 랜선으로 대만 여행! 스파크랩 타이베이 데모데이를 실시간으로 즐겨보세요! D-1🔥	https://stib.ee/Nxl3
2021.7.23	[스파크레터] 스타트업 꿀팁, 잘 나가는 창업자들이 아낌없이 다 퍼드립니다! feat. 스파크랩스쿨📺	https://stib.ee/Wwj3
2021.7.16	(광고)[스파크레터] 패션&라이프스타일 초기 스타트업 투자 유치 팁 대방출! feat.피치스, 클로젯셰어	https://stib.ee/Fvh3
2021.6.30	[스파크레터] 스파크랩 17기 프로그램에 선정된 12개의 스타트업을 소개합니다!🎉	https://stib.ee/P7b3
2021.6.15	[스파크레터] 스타트업의 갈 길을 밝혀주는 북극성이 있다고요? feat.원티드 이복기 대표	https://stib.ee/aqX3
2021.5.31	[스파크레터] 6조 이상 커질 반려동물 시장, 국내 최초 <펫 클라우드> 협약체로 승부! 🐶🐱	https://stib.ee/75T3
2021.5.17	[스파크레터] 5개월 만에 100만 다운로드 달성? 쌉가능! #NUX #클럽하우스	https://stib.ee/5vP3
2021.5.7	[스파크레터] 16기 데모데이 특집 + 그로스 해킹 클럽하우스 예고	https://stib.ee/57M3
2021.3.26	(광고)[스파크랩] ESG 분야 가장 핫한 스타트업을 만나보세요! #푸드업사이클링 #16기데모데이	https://stib.ee/tDC3
2021.3.9	[스파크레터] 세계 최초 BTS와 협업한 스타트업 여성 창업자를 소개합니다!🔥	https://stib.ee/pM73
2021.2.24	[스파크랩 뉴스레터] 오늘 밤 클럽하우스에서 만나요! 👋	https://stib.ee/I343
